{
    "tests": [
        {
            "name": "Testing X_CW",
            "score": 1,
            "max_score": 1,
            "status": "passed"
        },
        {
            "name": "Testing X_WB",
            "score": 1,
            "max_score": 1,
            "status": "passed"
        },
        {
            "name": "Testing grasp pose",
            "score": 2,
            "max_score": 2,
            "status": "passed"
        }
    ],
    "leaderboard": [],
    "execution_time": "0.00",
    "score": 4
}
