{
    "tests": [
        {
            "name": "Test closest point",
            "score": 4,
            "max_score": 4,
            "status": "passed"
        },
        {
            "name": "Test separating hyperplane",
            "score": 0.0,
            "max_score": 4,
            "status": "failed",
            "output": "[]\n1\n[]\n2\n[]\n3\n[]\n4\n[0, 3]\n7\n[5]\n9\n[1, 2]\n12\n[]\n13\n[]\n14\n\nTest Failed: False is not true : Incorrect number of hyperplanes returned!\n"
        }
    ],
    "leaderboard": [],
    "execution_time": "0.03",
    "score": 4.0
}
